product_id,descripcion,n_reviews_usadas
B007JFMH8M,"Las Galletas de Avena y Pasas Quaker Soft Baked son un snack suave y delicioso, ideal para cualquier momento del día. Con una textura blanda y masticable, cada galleta está individualmente empaquetada y contiene sabores naturales como canela y especias. Aunque tienen 170 calorías por galleta, muchos las consideran una opción satisfactoria y saludable, especialmente para los niños. Su sabor y calidad han sido bien recibidos, convirtiéndolas en una opción popular para quienes buscan un dulce más nutritivo. 

(Información limitada: pocas reviews disponibles)",15
B002QWP8H0,"Los Greenies son un popular tratamiento dental para perros que muchos dueños consideran efectivos para mejorar el aliento y la salud dental de sus mascotas. Vienen en diferentes tamaños, siendo el tamaño Teenie adecuado para perros pequeños. Sin embargo, algunos usuarios han reportado que ciertos perros pueden tragarlos rápidamente, lo que podría ser un riesgo de asfixia, y se recomienda supervisar a los perros mientras los consumen. Además, aunque muchos perros parecen disfrutar de estos chews, hay quienes consideran que su precio es elevado. (Información limitada: pocas reviews disponibles)",15
B002QWHJOU,"Los Greenies son un popular tratamiento dental para perros, muy apreciado por su capacidad para ayudar a mantener el aliento fresco y mejorar la salud dental. Muchos perros parecen disfrutar de su sabor, y son especialmente recomendados para perros pequeños, ya que la variedad Teenie es ideal para ellos. Sin embargo, algunos dueños han reportado que ciertos perros pueden tragarlos rápidamente, lo que podría ser un riesgo de asfixia, por lo que se sugiere supervisar a los perros mientras los consumen. Además, hay quienes mencionan que el precio puede ser elevado, aunque se considera que comprar en línea puede resultar más económico que en tiendas físicas. 

(Información limitada: pocas reviews disponibles)",15
B002QWP89S,"Los Greenies son un popular tratamiento dental para perros que muchos dueños consideran efectivos para mejorar el aliento y la salud dental de sus mascotas. Vienen en diferentes tamaños, siendo el tamaño Teenie adecuado para perros pequeños. Sin embargo, algunos usuarios han reportado que ciertos perros pueden tragarlos rápidamente, lo que podría ser un riesgo de asfixia, y se recomienda supervisar a los perros mientras los consumen. Además, aunque muchos perros parecen disfrutar de estos chews, hay quienes consideran que su precio es elevado. (Información limitada: pocas reviews disponibles)",15
B0026RQTGE,"Los Greenies son un popular tratamiento dental para perros, muy apreciado por su capacidad para ayudar a mantener el aliento fresco y mejorar la salud dental. Muchos perros parecen disfrutar de su sabor, y son especialmente recomendados para perros pequeños, ya que la variedad Teenie es adecuada para razas de menos de 10 lbs. Sin embargo, algunos dueños han reportado que ciertos perros pueden tragarlos rápidamente, lo que podría ser un riesgo de asfixia, y se sugiere supervisar a los perros mientras los consumen. Además, hay quienes mencionan que el precio puede ser elevado, aunque se considera que comprar en línea puede resultar más económico que en tiendas físicas. 

(Información limitada: pocas reviews disponibles)",15
B003B3OOPA,"El aceite de coco de Nature's Way es un producto versátil que se utiliza tanto en la cocina como en el cuidado personal. Muchos destacan su agradable aroma a coco y su textura suave, que lo hace fácil de aplicar en la piel y el cabello. Aunque algunos mencionan que puede ser difícil de sacar del frasco cuando está sólido, su uso en tostadas, como sustituto de la mantequilla, y en tratamientos para el cabello ha recibido elogios. Sin embargo, hay opiniones encontradas sobre la intensidad del sabor a coco, ya que algunos desearían un gusto más fuerte. (Información limitada: pocas reviews disponibles)",15
B001EO5Q64,"El aceite de coco Nutiva es un producto versátil y de alta calidad, ideal tanto para la cocina como para el cuidado personal. Muchos usuarios destacan su uso en la preparación de alimentos, como palomitas de maíz y huevos, donde aporta un sabor suave y agradable sin ser abrumador. Además, se utiliza como hidratante para la piel y el cabello, con comentarios positivos sobre su rápida absorción y su capacidad para dejar la piel suave y sin sensación grasosa. Sin embargo, algunos han mencionado problemas de filtración en el empaque durante el envío. 

(Información limitada: pocas reviews disponibles)",15
B006HYLW32,"Popchips son una alternativa de snack que se destaca por su textura ligera y crujiente, similar a una mezcla entre un chip y un pastel de arroz. Disponibles en varios sabores, como cheddar, BBQ y sal y vinagre, muchos usuarios aprecian su bajo contenido de grasa y calorías en comparación con las papas fritas tradicionales. Sin embargo, algunos mencionan que ciertos sabores pueden ser más salados o intensos de lo esperado. En general, son valorados como una opción sabrosa y saludable para picar. (Información limitada: pocas reviews disponibles)",15
B001RVFERK,"Popchips son una alternativa de snack que se destaca por su textura ligera y crujiente, similar a una mezcla entre un chip y una galleta de arroz. Disponibles en varios sabores, como cheddar, BBQ y sal y vinagre, muchos usuarios aprecian su bajo contenido de grasa y calorías en comparación con las papas fritas tradicionales. Sin embargo, algunos mencionan que ciertos sabores pueden ser más fuertes o menos satisfactorios que otros, y que son relativamente altos en sodio, lo que podría no ser ideal para quienes siguen una dieta baja en sal. (Información limitada: pocas reviews disponibles)",15
B001RVFEP2,"Popchips son una alternativa más saludable a las papas fritas tradicionales, con una textura única y un sabor que ha sido bien recibido por muchos. Disponibles en varios sabores, como cheddar, BBQ y sal y vinagre, algunos usuarios destacan que son ideales para acompañar dips o disfrutarlas solas. Sin embargo, hay opiniones mixtas sobre la intensidad de los sabores, ya que algunos consideran que ciertos sabores son más fuertes que otros, y otros mencionan que pueden ser un poco salados. En general, son valoradas por su bajo contenido de grasa y su capacidad para satisfacer el antojo de un snack crujiente. 

(Información limitada: pocas reviews disponibles)",15
B007M832YY,"Popchips son una alternativa de snack que se destaca por su textura ligera y crujiente, similar a una mezcla entre un chip y un pastel de arroz. Disponibles en varios sabores, como cheddar, BBQ, y sal y vinagre, muchos usuarios aprecian su bajo contenido de grasa y calorías en comparación con las papas fritas tradicionales. Sin embargo, algunos mencionan que ciertos sabores pueden ser más salados o intensos de lo esperado, lo que podría no ser del agrado de todos. En general, son valorados como una opción sabrosa y saludable para picar. 

(Información limitada: pocas reviews disponibles)",15
B007M83302,"Popchips son una alternativa de snack que se destaca por su textura ligera y crujiente, similar a una mezcla entre un chip y un pastelito de arroz. Disponibles en varios sabores, como cheddar, BBQ, sal y vinagre, y parmesano con ajo, han recibido elogios por su sabor y por ser más saludables que las papas fritas tradicionales, aunque algunos sabores pueden resultar un poco más suaves en comparación con otras marcas. Sin embargo, se debe tener en cuenta que son relativamente altos en sodio, lo que podría no ser adecuado para quienes siguen una dieta baja en sal. (Información limitada: pocas reviews disponibles)",15
B0026KPDG8,"Popchips son una alternativa de snack que se destaca por su textura ligera y crujiente, similar a una mezcla entre un chip y un pastel de arroz. Disponibles en varios sabores, como cheddar, BBQ, y sal y vinagre, muchos usuarios aprecian su bajo contenido de grasa y calorías en comparación con las papas fritas tradicionales. Sin embargo, algunos mencionan que ciertos sabores pueden ser más fuertes o menos satisfactorios que otros, y que son relativamente altos en sodio, lo que podría no ser ideal para quienes siguen una dieta baja en sal. (Información limitada: pocas reviews disponibles)",15
B0026KNQSA,"Popchips son una alternativa de snack que se destaca por su textura ligera y crujiente, similar a una mezcla entre un chip y un pastel de arroz. Disponibles en varios sabores, como cheddar, BBQ y sal y vinagre, muchos usuarios aprecian su bajo contenido de grasa y calorías en comparación con las papas fritas tradicionales. Sin embargo, algunos mencionan que ciertos sabores pueden ser más salados o intensos de lo esperado. En general, son valorados como una opción sabrosa y saludable para picar. (Información limitada: pocas reviews disponibles)",15
B000VK8AVK,"Popchips son una alternativa de snack que se destaca por su textura ligera y crujiente, similar a una mezcla entre un chip y una galleta de arroz. Disponibles en varios sabores, como cheddar, BBQ y sal y vinagre, muchos usuarios aprecian su bajo contenido de grasa y calorías en comparación con las papas fritas tradicionales. Sin embargo, algunos mencionan que ciertos sabores pueden ser más salados o intensos de lo esperado, lo que podría no ser del agrado de todos. En general, son valorados como una opción sabrosa y saludable para picar. 

(Información limitada: pocas reviews disponibles)",15
B0013NUGDE,"Popchips son una alternativa de snack que se destaca por su textura ligera y crujiente, similar a una mezcla entre un chip y un pastel de arroz. Disponibles en varios sabores, como cheddar, BBQ y sal y vinagre, muchos usuarios aprecian su bajo contenido de grasa y calorías en comparación con las papas fritas tradicionales. Sin embargo, algunos mencionan que ciertos sabores pueden ser más fuertes o menos satisfactorios que otros, y que son relativamente altos en sodio, lo que podría no ser ideal para quienes siguen una dieta baja en sal. (Información limitada: pocas reviews disponibles)",15
B000KV61FC,"El Tug-a-Jug es un juguete interactivo diseñado para mantener a los perros entretenidos mientras trabajan para obtener sus golosinas. Muchos perros, desde cachorros hasta adultos, parecen disfrutar de su uso, aunque algunos pueden necesitar un poco de tiempo para entender cómo funciona. La durabilidad del juguete es destacada, ya que resiste el juego intenso de perros que suelen destruir otros juguetes. Sin embargo, hay opiniones contradictorias sobre la resistencia de la cuerda, ya que algunos perros han logrado romperla rápidamente, lo que ha llevado a preocupaciones sobre la seguridad. (Información limitada: pocas reviews disponibles)",15
B000KV7ZGQ,"El Tug-a-Jug es un juguete interactivo diseñado para mantener a los perros entretenidos mientras trabajan para obtener sus golosinas. Muchos perros, desde razas pequeñas hasta grandes, disfrutan de su uso, aunque algunos pueden necesitar ayuda inicial para entender cómo funciona. Su diseño permite una fácil carga y limpieza, y es considerado duradero por varios dueños, aunque hay reportes de que algunos perros han logrado destruirlo rápidamente. Es recomendable usar golosinas pequeñas para facilitar el proceso y aumentar el desafío. 

(Información limitada: pocas reviews disponibles)",15
B005K4Q34S,"Los Grove Square Cappuccino Cups presentan opiniones muy variadas. Algunos usuarios destacan su buen sabor y la conveniencia de prepararlos en una máquina Keurig, mencionando que son dulces y satisfactorios, incluso sin necesidad de añadir leche o azúcar. Sin embargo, otros critican su calidad, describiéndolos como demasiado dulces, con un sabor a polvo y una textura grasosa. También hay quienes consideran que el producto es más parecido a un postre que a un café, y que su contenido de azúcar es excesivo. (Información limitada: pocas reviews disponibles)",15
B005K4Q4LK,"Los Grove Square Cappuccino Cups presentan opiniones variadas entre los consumidores. Algunos destacan su sabor agradable y la conveniencia de prepararlos en una máquina Keurig, mencionando que son dulces y satisfactorios, incluso sin necesidad de añadir leche o azúcar. Sin embargo, otros critican su calidad, describiéndolos como demasiado dulces, con un sabor a polvo y una textura grasosa. También hay quienes consideran que el producto es más parecido a un postre que a un café, y que su contenido de azúcar es excesivo. (Información limitada: pocas reviews disponibles)",15
B0013A0QXC,"El café Senseo Dark Roast se destaca por su sabor consistente y agradable, siendo preferido por muchos como una de las mejores opciones de café. Es fácil de preparar y ofrece una buena cantidad de espuma en cada taza, lo que lo hace ideal para quienes buscan una experiencia similar a la de un café europeo. Sin embargo, algunos clientes han notado un aumento en el precio por taza, lo que ha generado cierta insatisfacción. A pesar de esto, muchos valoran la conveniencia de recibir el producto a domicilio, especialmente dado que su disponibilidad en tiendas físicas ha disminuido.",15
B005K4Q37A,"Los Grove Square Cappuccino Cups presentan opiniones muy variadas. Algunos usuarios destacan su buen sabor y la conveniencia de prepararlos en una máquina Keurig, mencionando que son dulces y satisfactorios, incluso sin necesidad de añadir leche o azúcar. Sin embargo, otros critican su calidad, describiéndolos como demasiado dulces, con un sabor a polvo y una textura grasosa. También hay quienes consideran que el producto es más parecido a un postre que a un café, y que su contenido de azúcar es excesivo. (Información limitada: pocas reviews disponibles)",15
B000UBD88A,"El café Senseo Dark Roast se destaca por su sabor consistente y agradable, siendo preferido por muchos como una de las mejores opciones de café. Es fácil de preparar y ofrece una buena cantidad de espuma en cada taza, lo que lo hace ideal para quienes buscan una experiencia similar a la de un café europeo. Sin embargo, algunos clientes han notado un aumento en el precio por taza, lo que ha generado cierta insatisfacción. A pesar de esto, muchos valoran la conveniencia de recibir el producto a domicilio, especialmente dado que su disponibilidad en tiendas físicas ha disminuido.",15
B000NMJWZO,"Pamela's Ultimate Baking and Pancake Mix es una opción popular para quienes buscan una alternativa sin gluten. Este producto es versátil y se puede utilizar para hacer pancakes, waffles, galletas, pan de plátano y más, con resultados que muchos consideran comparables a los de las versiones tradicionales. Los usuarios destacan su sabor agradable y la ausencia de un gusto ""bean"" que se encuentra en otras mezclas. Además, se menciona que es fácil de usar y que las recetas en el empaque son útiles. (Información limitada: pocas reviews disponibles)",15
B005K4Q1YA,"Los Grove Square Cappuccino Cups presentan opiniones muy variadas. Algunos usuarios destacan su buen sabor y la conveniencia de prepararlos en una máquina Keurig, mencionando que son dulces y satisfactorios, incluso sin necesidad de añadir leche o azúcar. Sin embargo, otros critican su calidad, describiéndolos como demasiado dulces, con un sabor a polvo y una textura grasosa. También hay comentarios sobre su alto contenido calórico y la sensación de que son más un postre que un café. (Información limitada: pocas reviews disponibles)",15
B003GTR8IO,"El café Starbucks Natural Fusions, sabor vainilla, ofrece una experiencia de sabor suave y delicada, con un ligero toque de vainilla que puede no ser suficiente para quienes prefieren un sabor más intenso. Algunos consumidores destacan su falta de amargor y su facilidad para digerir, mientras que otros mencionan que el sabor de vainilla es sutil y no tan pronunciado como esperaban. Es una opción que podría gustar a quienes buscan un café menos robusto y más equilibrado, aunque no todos coinciden en su calidad, ya que algunos lo consideran insatisfactorio en términos de sabor. 

(Información limitada: pocas reviews disponibles)",15
B0090X8IPM,"El café Starbucks Natural Fusions, sabor vainilla, ofrece una experiencia de sabor suave y delicada, con un ligero toque de vainilla que puede no ser suficiente para quienes prefieren un sabor más intenso. Algunos consumidores destacan su falta de amargor y su facilidad para digerir, mientras que otros mencionan que el sabor de vainilla es sutil y no tan pronunciado como esperaban. Es una opción que podría gustar a quienes buscan un café menos robusto y más equilibrado, aunque no todos coinciden en su calidad, ya que algunos lo consideran insatisfactorio en comparación con otras marcas. 

(Información limitada: pocas reviews disponibles)",15
B007Y59HVM,"Los K-Cups Fog Chaser de San Francisco Bay Coffee ofrecen una experiencia de café que ha generado opiniones diversas. Algunos destacan su sabor fuerte y fresco, comparándolo favorablemente con otras marcas, mientras que otros consideran que el café es más bien suave y no tan audaz como se publicita. La presentación de los K-Cups es diferente, lo que puede causar dudas sobre su compatibilidad con dispensadores, pero muchos usuarios aprecian la reducción de plástico en su diseño. Además, se sugiere almacenar los K-Cups en bolsas herméticas para mantener su frescura. 

(Información limitada: pocas reviews disponibles)",15
B005ZBZLT4,"Los K-Cups Fog Chaser de San Francisco Bay Coffee ofrecen una experiencia de café que ha generado opiniones diversas. Algunos destacan su sabor fuerte y fresco, comparándolo favorablemente con otras marcas, mientras que otros consideran que el café es más bien suave y no tan audaz como se publicita. La presentación de los K-Cups es diferente, lo que puede causar dudas sobre su compatibilidad con dispensadores, pero muchos usuarios aprecian la reducción de plástico en su diseño. Además, se recomienda almacenarlos en bolsas herméticas para mantener su frescura. 

(Información limitada: pocas reviews disponibles)",15
B006MONQMC,"Vitamin Squeeze es un potenciador de agua con sabor a fruta que busca hacer más agradable el consumo de agua. Su sabor a fruta es descrito como un ""punch"" suave, aunque algunos lo consideran artificial y similar a un jarabe para la tos. Este producto contiene vitaminas y minerales, incluyendo vitamina C y varias del grupo B, además de 40 mg de cafeína por porción. Sin embargo, hay opiniones encontradas sobre su sabor y la necesidad de refrigerarlo después de abrirlo, lo que puede dificultar su almacenamiento. Algunos usuarios también mencionan que el producto puede manchar superficies y que la falta de instrucciones claras sobre la cantidad de ""squeeze"" a utilizar puede ser confusa. 

(Información limitada: pocas reviews disponibles)",15
B002IEVJRY,"El illy issimo Cappuccino es una bebida de café enlatada que combina café, leche baja en grasa, azúcar y cacao en polvo. Su sabor es descrito como fuerte y cremoso, aunque algunos lo encuentran un poco amargo o demasiado dulce. La mayoría de los consumidores aprecian su frescura y la conveniencia de tenerlo frío, aunque algunos prefieren disfrutarlo caliente. Con 100 calorías por lata y 81 mg de cafeína, es una opción que puede ser ideal para quienes buscan un impulso de energía en cualquier momento del día. 

(Información limitada: pocas reviews disponibles)",15
B000PDWBKO,"Great Northern Popcorn ofrece paquetes premedidos que facilitan la preparación de palomitas de maíz en casa, logrando un sabor similar al de las salas de cine. La mayoría de los usuarios destacan su conveniencia y el buen sabor, aunque algunos mencionan que puede resultar demasiado salado para ciertos paladares. La calidad del maíz es alta, con pocos granos no reventados, aunque hay opiniones encontradas sobre la cantidad de aceite en algunos paquetes. En general, es una opción recomendada para quienes buscan una experiencia de palomitas de cine en casa.",15
B002YJ0118,"Great Northern Popcorn ofrece paquetes premedidos que permiten preparar palomitas de maíz de estilo cine en casa de manera conveniente. Muchos destacan su sabor, comparándolo favorablemente con el de las palomitas de los cines, aunque hay opiniones encontradas sobre la cantidad de sal, ya que algunos consideran que es excesiva. La facilidad de uso y la calidad del maíz son aspectos muy valorados, aunque algunos usuarios han experimentado problemas con la oleosidad de los paquetes. (Información limitada: pocas reviews disponibles)",15
B002IEZJMA,"El Illy Issimo es un café enlatado que se presenta como una opción de espresso frío, con un contenido de 50 calorías por lata. Los consumidores destacan su sabor fuerte y refrescante, aunque las opiniones sobre la dulzura varían: algunos lo consideran perfecto, mientras que otros lo encuentran demasiado amargo o fuerte. Este producto es apreciado por su conveniencia y su capacidad para ofrecer un sabor auténtico de café, aunque no todos coinciden en que supere a un espresso recién hecho. (Información limitada: pocas reviews disponibles)",15
B000PDY3HI,"Great Northern Popcorn ofrece paquetes premedidos que facilitan la preparación de palomitas de maíz en casa, logrando un sabor similar al de las salas de cine. La mayoría de los comentarios destacan su conveniencia y el buen sabor, aunque algunos mencionan que puede resultar demasiado salado para ciertos paladares. La calidad del maíz es alta, con pocos granos no reventados, aunque hay opiniones encontradas sobre la cantidad de aceite en algunos paquetes. En general, es una opción recomendada para quienes buscan una experiencia de palomitas de cine en casa. 

(Información limitada: pocas reviews disponibles)",15
B000PDY3P0,"Great Northern Popcorn ofrece paquetes premedidos que permiten preparar palomitas de maíz de estilo cine en casa de manera conveniente. Muchos destacan su sabor, comparándolo favorablemente con el de las palomitas de los cines, aunque hay opiniones encontradas sobre la cantidad de sal, ya que algunos consideran que es excesiva. La facilidad de uso y la calidad del maíz son aspectos muy valorados, aunque algunos usuarios han experimentado problemas con la oleosidad de los paquetes. (Información limitada: pocas reviews disponibles)",15
B001VJ0B0I,"Beneful Dog Food es una opción popular entre los dueños de perros, destacándose por su mezcla de trozos de carne y vegetales. Muchos perros parecen disfrutar su sabor, con comentarios sobre la buena digestión y la salud del pelaje. Sin embargo, algunos dueños notan que los trozos pueden ser grandes para razas pequeñas, y hay opiniones mixtas sobre la calidad de los ingredientes en comparación con marcas más premium. El empaque con cierre hermético es valorado por su conveniencia y ayuda a mantener la frescura del producto. 

(Información limitada: pocas reviews disponibles)",15
B002LANN56,"Chef Michael's Grilled Sirloin Dry Dog Food es una opción que ha sido bien recibida por muchos perros, quienes disfrutan de su sabor y textura. Este alimento presenta una mezcla de trozos de carne y vegetales, con piezas grandes que simulan trozos reales de carne, lo que parece ser un atractivo para los caninos. Sin embargo, algunos dueños han expresado preocupaciones sobre la inclusión de colorantes artificiales y otros ingredientes que podrían no ser los más saludables. A pesar de esto, muchos perros han mostrado preferencia por este alimento en comparación con otras marcas. (Información limitada: pocas reviews disponibles)",15
B007TJGY46,"Coffee People Jet Fuel es un café en cápsulas K-Cup diseñado para quienes buscan un sabor fuerte y audaz. Muchos destacan su combinación de sabor intenso y la ausencia de amargor, lo que lo convierte en una opción popular para las mañanas. Sin embargo, algunos mencionan que su potencia puede causar malestar estomacal en algunas personas. Además, ha habido comentarios sobre un aumento en el precio, lo que ha generado cierta insatisfacción entre los clientes que valoraban su relación calidad-precio. (Información limitada: pocas reviews disponibles)",15
B006N3HZ6K,"Coffee People Jet Fuel es un café en cápsulas K-Cup diseñado para quienes buscan un sabor fuerte y audaz. Muchos destacan su rica y completa experiencia de sabor, sin amargor, lo que lo convierte en una opción popular para las máquinas Keurig. Sin embargo, algunos mencionan que su intensidad puede causar malestar estomacal en algunas personas. Además, ha habido comentarios sobre un aumento en el precio, lo que ha generado cierta insatisfacción entre los clientes que valoraban su relación calidad-precio. 

(Información limitada: pocas reviews disponibles)",15
B008FHUGNQ,"Coffee People Jet Fuel es un café en cápsulas K-Cup diseñado para quienes buscan un sabor fuerte y audaz. Muchos destacan su combinación de sabor intenso y la ausencia de amargor, lo que lo convierte en una opción popular para las mañanas. Sin embargo, algunos mencionan que su potencia puede causar malestar estomacal en algunas personas. Además, ha habido comentarios sobre un aumento en el precio, lo que ha generado cierta insatisfacción entre los clientes que valoraban su relación calidad-precio. (Información limitada: pocas reviews disponibles)",15
B0029XLH4Y,"Coffee People Jet Fuel es un café en cápsulas K-Cup diseñado para quienes buscan un sabor fuerte y audaz. Muchos destacan su combinación de sabor intenso y la ausencia de amargor, lo que lo convierte en una opción popular para las mañanas. Sin embargo, algunos mencionan que su potencia puede causar malestar estomacal en algunas personas. Además, ha habido comentarios sobre un aumento en el precio, lo que ha generado cierta insatisfacción entre los clientes que valoraban su relación calidad-precio. (Información limitada: pocas reviews disponibles)",15
B000CNB4LE,"El agua de coco Zico en botella de 14 onzas ha generado opiniones diversas. Algunos consumidores destacan su sabor suave y refrescante, considerándolo una buena alternativa a la leche, especialmente para quienes son intolerantes a la lactosa. Sin embargo, hay críticas sobre un sabor artificial y un olor desagradable, con varios comentarios que mencionan un regusto a plástico, lo que ha llevado a algunos a no recomendarlo. Además, se ha señalado que el producto ha cambiado, ahora siendo de ""concentrado"", lo que ha decepcionado a quienes preferían la versión original. (Información limitada: pocas reviews disponibles)",15
B004SRFYMK,"Zico Coconut Water en botella de 14 oz presenta opiniones variadas entre los consumidores. Algunos destacan su sabor refrescante y su conveniencia en comparación con otros formatos, mencionando que es ideal para mezclar en batidos. Sin embargo, hay críticas sobre un sabor artificial y un regusto desagradable, con varios comentarios que mencionan un sabor a plástico, lo que ha llevado a algunos a preferir otras marcas o formatos. Además, se ha señalado que el producto ha cambiado, ahora siendo de ""concentrado"", lo que ha decepcionado a quienes esperaban un sabor más auténtico. 

(Información limitada: pocas reviews disponibles)",15
B004SRH2B6,"Zico Coconut Water en botella de 14 oz presenta opiniones variadas entre los consumidores. Algunos destacan su sabor refrescante y su conveniencia en comparación con otros formatos, mencionando que es ideal para mezclar en batidos. Sin embargo, hay críticas sobre un sabor artificial y un olor desagradable, con varios comentarios que indican que el producto tiene un regusto a plástico, lo que ha llevado a algunos a preferir otras marcas o formatos. Además, se ha señalado que el producto ahora proviene de concentrado, lo que ha decepcionado a quienes esperaban un sabor más auténtico. 

(Información limitada: pocas reviews disponibles)",15
B003CIBPN8,"Zico Coconut Water en botella de 14 oz presenta opiniones variadas entre los consumidores. Algunos destacan su sabor refrescante y su conveniencia en comparación con otros formatos, mencionando que es ideal para mezclar en batidos. Sin embargo, hay críticas sobre un sabor artificial y un olor desagradable, con varios comentarios que indican que el producto tiene un regusto a plástico, lo que ha llevado a algunos a preferir otras marcas. Además, se ha señalado que el producto ha cambiado su fórmula, ahora siendo de ""concentrado"", lo que ha decepcionado a quienes esperaban un sabor más auténtico. 

(Información limitada: pocas reviews disponibles)",15
B003VXHGDM,"El café Wolfgang Puck ofrece una variedad de sabores en K-Cups, destacándose por su conveniencia y rapidez en la preparación. Algunos consumidores aprecian su sabor fuerte y delicioso, especialmente en la variedad French Roast, que es valorada por su ausencia de amargor. Sin embargo, hay opiniones contradictorias sobre la intensidad de otros sabores, como el Chef's Reserve, que algunos consideran débil en comparación con otras opciones de café extra fuerte. Además, ciertos sabores, como el Jamaica Me Crazy, generan confusión sobre sus notas de sabor, siendo descritos como una mezcla de café con toques de vainilla y otros sabores. (Información limitada: pocas reviews disponibles)",15
B004FGWU9O,"El café Wolfgang Puck ofrece una variedad de sabores en K-Cups, destacándose por su conveniencia y rapidez en la preparación. Algunos consumidores aprecian su sabor fuerte y delicioso, especialmente en la variedad French Roast, que es valorada por su ausencia de amargor. Sin embargo, hay opiniones encontradas sobre la intensidad de otros sabores, como el Chef's Reserve, que algunos consideran débil en comparación con otras opciones de café extra fuerte. Además, ciertos sabores, como el Jamaica Me Crazy, generan confusión sobre sus notas de sabor, siendo descritos como una mezcla de café con toques de vainilla y otros sabores. (Información limitada: pocas reviews disponibles)",15
B003VXFK44,"El café Wolfgang Puck ofrece una variedad de sabores en K-Cups, destacando su French Roast, que es apreciado por su sabor fuerte y no amargo, ideal para quienes prefieren un café robusto por la mañana. Sin embargo, hay opiniones encontradas sobre otros sabores, como el Jamaica Me Crazy, que algunos describen como un café con notas de vainilla y otros sabores, aunque no todos coinciden en su perfil de sabor. También se menciona que algunos K-Cups pueden resultar más débiles de lo esperado, lo que ha decepcionado a ciertos consumidores que buscan un café más intenso. (Información limitada: pocas reviews disponibles)",15
B006N3IG4K,"El café Wolfgang Puck ofrece una variedad de sabores en K-Cups, destacándose por su conveniencia y rapidez en la preparación. Algunos consumidores aprecian su sabor fuerte y delicioso, especialmente en la variedad French Roast, que es valorada por su ausencia de amargor. Sin embargo, hay opiniones encontradas sobre la intensidad de otros sabores, como el Chef's Reserve, que algunos consideran débil en comparación con otras opciones de café extra fuerte. Además, ciertos sabores, como el Jamaica Me Crazy, generan confusión sobre sus notas de sabor, siendo descritos como una mezcla de café con toques de vainilla y otros sabores. (Información limitada: pocas reviews disponibles)",15
B006N3IE6A,"El café Wolfgang Puck ofrece una variedad de sabores en K-Cups, destacándose por su conveniencia y rapidez en la preparación. Algunos consumidores aprecian su sabor fuerte y delicioso, especialmente en la variedad French Roast, que es valorada por su falta de amargor. Sin embargo, hay opiniones encontradas sobre la intensidad de otros sabores, como el Chef's Reserve, que algunos consideran débil en comparación con otras opciones de café. También se mencionan sabores como el Jamaica Me Crazy, que presenta notas de vainilla y un perfil de sabor más complejo, aunque no todos coinciden en los matices que ofrece. 

(Información limitada: pocas reviews disponibles)",15
B003VXHGPK,"El café Wolfgang Puck ofrece una variedad de sabores en K-Cups, destacando su French Roast, que es apreciado por su sabor fuerte y no amargo, ideal para quienes prefieren un café robusto por la mañana. Sin embargo, hay opiniones encontradas sobre otros sabores, como el Jamaica Me Crazy, que algunos describen como un café con notas de vainilla y otros sabores, aunque no todos coinciden en su perfil de sabor. También se menciona que algunos K-Cups pueden resultar más débiles de lo esperado, lo que ha decepcionado a ciertos consumidores que buscan un café más intenso. (Información limitada: pocas reviews disponibles)",15
B003VXHGE6,"El café Wolfgang Puck ofrece una variedad de sabores en K-Cups, destacándose por su conveniencia y rapidez en la preparación. Algunos consumidores aprecian su sabor fuerte y delicioso, especialmente en la variedad French Roast, que es valorada por su ausencia de amargor. Sin embargo, hay opiniones encontradas sobre la intensidad de otros sabores, como el Jamaica Me Crazy, que algunos describen como confuso en su perfil de sabor, y otros lo encuentran agradable. También se mencionan problemas con la calidad de las cápsulas, como la presencia de posos en la taza y la falta de sabor en algunas variedades. 

(Información limitada: pocas reviews disponibles)",15
B003TC7WN4,"El café Wolfgang Puck ofrece una variedad de sabores en K-Cups, destacándose por su conveniencia y rapidez en la preparación. Algunos consumidores elogian su sabor fuerte y delicioso, especialmente en la variedad French Roast, que es apreciada por su falta de amargor. Sin embargo, hay opiniones contradictorias sobre la intensidad de otros sabores, como el Chef's Reserve, que algunos consideran débil en comparación con otras opciones de café extra fuerte. También se mencionan sabores como el Jamaica Me Crazy, que presenta una mezcla de notas de vainilla y otros sabores, aunque la percepción de estos varía entre los consumidores. 

(Información limitada: pocas reviews disponibles)",15
B003VXL0V6,"El café Wolfgang Puck ofrece una variedad de sabores en K-Cups, destacándose por su conveniencia y rapidez en la preparación. Algunos consumidores aprecian su sabor fuerte y delicioso, especialmente en la variedad French Roast, que es valorada por su falta de amargor. Sin embargo, hay opiniones encontradas sobre la intensidad de otros sabores, como el Chef's Reserve, que algunos consideran débil en comparación con otras opciones de café extra fuerte. Además, ciertos sabores, como el Jamaica Me Crazy, generan confusión sobre sus notas de sabor, siendo descritos como una mezcla de vainilla y otros matices, aunque no todos los consumidores están de acuerdo en su perfil de sabor. 

(Información limitada: pocas reviews disponibles)",15
B0041NYV8E,"El Gold Kili All Natural Instant Ginger & Lemon Beverage Mix es una bebida que destaca por su fuerte sabor a jengibre, que a menudo eclipsa el sabor a limón. Muchos la describen como muy dulce, con un regusto que puede resultar desagradable para algunos. Se puede disfrutar tanto caliente como fría, aunque algunos prefieren su sabor cuando se sirve fría, ya que el hielo puede diluir un poco la intensidad del jengibre. Es recomendable para quienes buscan un remedio natural para el malestar estomacal o la congestión, aunque no todos coinciden en que sea una opción agradable para el consumo diario. 

(Información limitada: pocas reviews disponibles)",15
B000BRR8VQ,"Zuke's Mini Naturals son golosinas para perros pequeñas y semi-húmedas, ideales para sesiones de entrenamiento. Muchos perros parecen disfrutar de su sabor, especialmente los de razas pequeñas, aunque algunos perros más grandes pueden no mostrarse tan interesados. Estas golosinas son bajas en calorías, lo que permite ofrecer varias durante el entrenamiento sin preocuparse por el aumento de peso. Además, su tamaño y consistencia las hacen fáciles de manejar y perfectas para recompensas. (Información limitada: pocas reviews disponibles)",15
B000H1217M,"Zuke's Mini Naturals son golosinas para perros pequeñas y semi-húmedas, ideales para sesiones de entrenamiento. Muchos perros parecen disfrutar de su sabor, especialmente los de razas pequeñas, aunque algunos perros más grandes pueden no mostrarse tan interesados. Estas golosinas son bajas en calorías, lo que permite ofrecer varias durante el entrenamiento sin preocuparse por el aumento de peso. Además, su tamaño compacto facilita su transporte y uso. (Información limitada: pocas reviews disponibles)",15
B0007A0AQW,"Zuke's Mini Naturals son golosinas para perros pequeñas y semi-húmedas, ideales para sesiones de entrenamiento. Muchos perros parecen disfrutar de su sabor, especialmente los de razas pequeñas, aunque algunos perros más grandes pueden no mostrarse tan interesados. Estas golosinas son bajas en calorías, lo que permite ofrecer varias durante el entrenamiento sin preocuparse por el aumento de peso. Además, su tamaño compacto facilita su transporte y uso. (Información limitada: pocas reviews disponibles)",15
B000H0ZJIG,"Zuke's Mini Naturals son golosinas para perros pequeñas y semi-húmedas, ideales para sesiones de entrenamiento. Muchos perros parecen disfrutar de su sabor, especialmente los de razas pequeñas, aunque algunos perros más grandes pueden no mostrarse tan interesados. Estas golosinas son bajas en calorías, lo que permite ofrecer varias durante el entrenamiento sin preocuparse por el aumento de peso. Además, su tamaño compacto facilita su transporte y uso. (Información limitada: pocas reviews disponibles)",15
B0007A0AQM,"Zuke's Mini Naturals son golosinas para perros pequeñas y semi-húmedas, ideales para sesiones de entrenamiento. Muchos perros parecen disfrutar de su sabor, especialmente los de razas pequeñas, aunque algunos perros más grandes no muestran tanto interés. Estas golosinas son bajas en calorías, lo que permite ofrecer varias durante el entrenamiento sin preocuparse por el aumento de peso. Además, su tamaño compacto facilita su transporte y uso. (Información limitada: pocas reviews disponibles)",15
B000H0ZJHW,"Zuke's Mini Naturals son golosinas para perros pequeñas y semi-húmedas, ideales para sesiones de entrenamiento. Muchos perros parecen disfrutar de su sabor, especialmente los de razas pequeñas, aunque algunos perros más grandes pueden no mostrarse tan interesados. Estas golosinas son bajas en calorías, lo que permite ofrecer varias durante el entrenamiento sin preocuparse por el aumento de peso. Además, su tamaño y consistencia las hacen fáciles de manejar y perfectas para recompensas. (Información limitada: pocas reviews disponibles)",15
B001AS1A4Q,"5 Hour Energy es un shot de energía que promete un impulso de vitalidad y concentración. Muchos usuarios destacan su efectividad para combatir la fatiga, especialmente durante largas jornadas laborales, y mencionan que no experimentan un ""bajón"" después de su consumo. Sin embargo, algunas personas han reportado efectos secundarios como malestar estomacal y gases. En general, su sabor es considerado aceptable, aunque no es el principal atractivo del producto. (Información limitada: pocas reviews disponibles)",15
B003D4F1QS,"Este té de chocolate es una opción popular entre los consumidores, destacándose por su sabor equilibrado que se disfruta tanto caliente como frío. Muchos lo consideran una alternativa deliciosa a los postres, ideal para satisfacer antojos de chocolate sin las calorías adicionales. Sin embargo, hay opiniones contradictorias sobre la calidad del producto, ya que algunos mencionan un sabor químico y una experiencia de empaque deficiente. A pesar de esto, muchos lo recomiendan por su sabor refrescante y su capacidad para ser un buen acompañante en momentos de relajación. 

(Información limitada: pocas reviews disponibles)",15
B003D4MW38,"Este té de chocolate es una opción popular para disfrutar después de la cena o para ayudar a conciliar el sueño. Muchos lo describen como refrescante y con un sabor equilibrado, que se puede disfrutar tanto caliente como frío. Algunos lo consideran una alternativa deliciosa a los postres, ya que satisface el antojo de chocolate sin muchas calorías. Sin embargo, hay opiniones contradictorias sobre la calidad del sabor, con algunos clientes mencionando un gusto químico y una falta de sabor en ciertas variedades. (Información limitada: pocas reviews disponibles)",15
B003D4MYLS,"Este té de chocolate es una opción popular para disfrutar después de la cena o para ayudar a conciliar el sueño. Muchos destacan su sabor equilibrado, que no es ni demasiado fuerte ni demasiado suave, y lo consideran una alternativa deliciosa a los postres, con un toque dulce que se complementa bien con edulcorantes como la stevia. Sin embargo, hay opiniones contradictorias sobre la calidad del producto, ya que algunos mencionan un sabor químico y una experiencia de empaque deficiente. (Información limitada: pocas reviews disponibles)",15
B003D4IYSU,"Este té de chocolate es una opción popular entre quienes buscan una bebida reconfortante, ideal para después de la cena o para ayudar a dormir. Muchos destacan su sabor equilibrado, que no es ni demasiado fuerte ni demasiado suave, y lo consideran una alternativa deliciosa a los postres, con un toque dulce que se complementa bien con edulcorantes como la stevia. Sin embargo, hay opiniones contradictorias sobre la calidad del producto, ya que algunos mencionan un sabor químico y una experiencia de empaque deficiente. (Información limitada: pocas reviews disponibles)",15
B003QNLUTI,"5 Hour Energy es un shot de energía que promete un impulso de vitalidad y concentración. Muchos usuarios destacan su efectividad para combatir la fatiga, especialmente durante largas jornadas laborales, y mencionan que no provoca un ""crash"" al finalizar su efecto. Sin embargo, algunas personas han experimentado malestar estomacal tras su consumo. En general, se considera una opción conveniente y efectiva, aunque su sabor y precio son aspectos que generan opiniones mixtas. (Información limitada: pocas reviews disponibles)",15
B0029ZAOW8,"5 Hour Energy es un shot de energía que promete un impulso de vitalidad y concentración. Muchos usuarios destacan su efectividad para combatir la fatiga, especialmente durante largas jornadas laborales, y mencionan que no experimentan un ""bajón"" de energía después de su consumo. Sin embargo, algunas personas han reportado efectos secundarios como malestar estomacal y gases. En general, su sabor es considerado aceptable, aunque no es el principal atractivo del producto. (Información limitada: pocas reviews disponibles)",15
B000GAT6NG,"El aceite de coco Nutiva es un producto versátil y altamente valorado, utilizado tanto en la cocina como en el cuidado personal. Muchos destacan su textura suave y su sabor a coco, que puede ser un punto a favor o en contra dependiendo de las preferencias individuales. Se utiliza como sustituto de la mantequilla en diversas recetas y se aplica en la piel como hidratante, con resultados positivos en la mejora de la apariencia de la piel y el cabello. Además, se menciona su estabilidad a altas temperaturas y su larga duración, lo que lo convierte en una opción económica. 

(Información limitada: pocas reviews disponibles)",15
B004EAGP74,"El aceite de coco Nutiva es un producto versátil y altamente valorado, utilizado tanto en la cocina como en el cuidado personal. Muchos destacan su textura suave y su sabor a coco, que puede ser un punto a favor o en contra dependiendo de las preferencias individuales. Se utiliza como sustituto de la mantequilla en diversas recetas y se aplica en la piel como hidratante, con resultados positivos en la mejora de la apariencia de la piel y el cabello. Además, se menciona que tiene una buena relación calidad-precio y una larga duración. 

(Información limitada: pocas reviews disponibles)",15
B001E8DHPW,"El aceite de coco Nutiva es un producto versátil y altamente valorado, utilizado tanto en la cocina como en el cuidado personal. Muchos destacan su sabor agradable y su textura suave, lo que lo convierte en una opción popular para cocinar y hornear, así como para usar como hidratante en la piel y el cabello. Algunos usuarios mencionan que el aceite tiene un leve aroma a coco, que se disipa al cocinar, aunque hay quienes prefieren evitar sabores adicionales en sus comidas. Además, se reportan beneficios en la salud de la piel y el cabello, con mejoras visibles en la hidratación y la apariencia general. (Información limitada: pocas reviews disponibles)",15
B0018KR8V0,"Larabar ofrece una variedad de barras energéticas elaboradas con ingredientes simples y naturales. La variedad de Pecan Pie, por ejemplo, está compuesta solo por dátiles, nueces pecanas y almendras, y es apreciada por su sabor que recuerda a un auténtico pastel de nuez. Muchos destacan su conveniencia como snack saludable, ideal para llevar y consumir en cualquier momento, aunque algunas opiniones sugieren que no todos los sabores son igualmente satisfactorios, como el de arándano, que fue considerado algo insípido. En general, Larabar es valorada por su calidad y la ausencia de aditivos artificiales.",15
B005HG9ERW,"Essentia 9.5 pH Drinking Water se presenta como una opción de agua embotellada con un pH elevado, lo que algunos consumidores consideran beneficioso para la hidratación y la digestión. La mayoría de las opiniones destacan su sabor limpio y refrescante, con una textura suave que muchos aprecian. Sin embargo, hay quienes consideran que no hay una diferencia significativa en comparación con el agua purificada regular. Además, se menciona que el agua viene en botellas de plástico, lo que podría ser un inconveniente para quienes buscan opciones más ecológicas. (Información limitada: pocas reviews disponibles)",15
B005HG9ET0,"Essentia 9.5 pH Drinking Water se presenta como una opción de agua embotellada con un pH elevado y electrolitos. Los consumidores destacan su sabor limpio y refrescante, describiéndola como ""agua que sabe a agua"", sin sabores desagradables ni regustos. Algunos usuarios han notado beneficios en la hidratación y en la reducción de problemas de acidez estomacal, aunque otros consideran que no hay una diferencia significativa en comparación con el agua purificada regular. La presentación en botellas de 1.5 litros es valorada por su tamaño generoso, aunque se menciona la preocupación por el uso de plástico. (Información limitada: pocas reviews disponibles)",15
B0018KLPFK,"Larabar ofrece una variedad de barras energéticas elaboradas con ingredientes simples y naturales. La variedad de Pecan Pie, por ejemplo, está hecha solo con dátiles, nueces pecanas y almendras, y es apreciada por su sabor que recuerda a un auténtico pastel de nuez. Muchos destacan la conveniencia de estas barras como un snack saludable y satisfactorio, ideal para llevar y consumir en cualquier momento. Sin embargo, algunas opiniones indican que no todos los sabores son igualmente buenos, con ciertas variedades como la de arándano siendo menos populares. 

(Información limitada: pocas reviews disponibles)",15
B005HG9ESG,"Essentia 9.5 pH Drinking Water se presenta como una opción de agua embotellada con un pH elevado, lo que algunos consumidores consideran beneficioso para la hidratación y la digestión. La mayoría de las opiniones destacan su sabor limpio y refrescante, con una textura suave que muchos aprecian. Sin embargo, hay quienes consideran que no hay una diferencia significativa en comparación con el agua purificada regular. Además, se menciona que el agua viene en botellas de plástico, lo que podría ser un inconveniente para quienes buscan opciones más ecológicas. (Información limitada: pocas reviews disponibles)",15
B004GW6O9E,"Larabar ofrece una variedad de barras energéticas elaboradas con ingredientes simples y naturales. La variedad de Pecan Pie, por ejemplo, está compuesta solo por dátiles, nueces pecanas y almendras, lo que le permite ofrecer un sabor similar al de un pastel de nuez con una lista de ingredientes muy corta. Muchos destacan su conveniencia como snack saludable, ideal para llevar y consumir en cualquier momento, aunque algunas opiniones sugieren que no todos los sabores son igualmente satisfactorios, como el de arándano, que fue considerado algo insípido. En general, Larabar es valorada por su sabor y la calidad de sus ingredientes.",15
B000ENUC3S,"Larabar ofrece una variedad de barras energéticas elaboradas con ingredientes simples y naturales. La variedad de Pecan Pie, por ejemplo, está hecha solo con dátiles, nueces pecanas y almendras, y es apreciada por su sabor que recuerda al postre clásico, a pesar de su corta lista de ingredientes. Muchos destacan su conveniencia como snack saludable, ideal para llevar y consumir en cualquier momento, aunque algunas opiniones sugieren que no todas las variedades son igualmente sabrosas, como es el caso de la Blueberry, que ha recibido críticas menos favorables. En general, Larabar es valorada por su calidad y por no contener azúcares añadidos ni ingredientes artificiales.",15
B008JKSJJ2,"Las barras KIND son una opción popular entre quienes buscan un snack saludable y sabroso. Muchos destacan su mezcla equilibrada de sabores, como la combinación de dulzura, acidez y frutos secos, aunque algunos mencionan que ciertas variedades pueden ser duras o no tener el sabor esperado, como el de mantequilla de maní. Son valoradas por ser gluten free y nutritivas, ideales para un desayuno o un snack en movimiento. Sin embargo, hay opiniones encontradas sobre el contenido de proteínas, ya que algunos consideran que no es suficiente. 

(Información limitada: pocas reviews disponibles)",15
B008JKTH2A,"Las barras KIND son una opción popular entre quienes buscan un snack saludable y sabroso. Muchos destacan su mezcla equilibrada de sabores, como la combinación de frutos secos y frutas, y su textura satisfactoria. Sin embargo, hay opiniones encontradas sobre el contenido de ciertos ingredientes, como el sabor a mantequilla de maní, que algunos consideran engañoso. Además, aunque son valoradas por ser gluten free y nutritivas, algunos mencionan que no son la mejor opción si se busca un alto contenido de proteínas. (Información limitada: pocas reviews disponibles)",15
B001D0DMME,"Las barras KIND son una opción popular entre quienes buscan un snack saludable y sabroso. Muchos destacan su mezcla equilibrada de sabores, como la combinación de frutos secos y frutas, que resulta en un bocado delicioso y satisfactorio. Sin embargo, hay opiniones encontradas sobre la presencia de ciertos ingredientes, como el maní, que algunos consideran engañoso en su denominación. Además, aunque son valoradas por ser gluten free y nutritivas, algunos mencionan que no son la mejor opción si se busca un alto contenido de proteínas. (Información limitada: pocas reviews disponibles)",15
B001D09KAM,"Las barras KIND son una opción popular entre quienes buscan un snack saludable y sabroso. Muchos destacan su mezcla equilibrada de sabores, como la combinación de frutos secos y frutas, que resulta en un bocado delicioso y satisfactorio. Sin embargo, hay opiniones encontradas sobre la presencia de ciertos ingredientes, como el maní, que algunos consideran engañoso en su denominación. Además, aunque son valoradas por su sabor y textura, algunos mencionan que no son particularmente altas en proteínas. (Información limitada: pocas reviews disponibles)",15
B001D0DMMY,"Las barras KIND son una opción popular entre quienes buscan un snack saludable y sabroso. Muchos destacan su mezcla equilibrada de sabores, como la combinación de dulzura, acidez y frutos secos, aunque algunos mencionan que ciertas variedades pueden ser duras o no tener el sabor esperado, como el de mantequilla de maní. Son valoradas por ser gluten free y nutritivas, ideales para un desayuno o un snack en movimiento. Sin embargo, hay opiniones encontradas sobre el contenido de proteínas, ya que algunos consideran que no es suficiente. 

(Información limitada: pocas reviews disponibles)",15
B008JKTTUA,"Las barras KIND son una opción popular entre quienes buscan un snack saludable y sabroso. Muchos destacan su mezcla equilibrada de sabores, como la combinación de frutos secos y frutas, y su textura satisfactoria. Sin embargo, hay opiniones encontradas sobre el contenido de ciertos ingredientes, como el sabor a mantequilla de maní, que algunos consideran engañoso. Además, aunque son valoradas por ser gluten free y nutritivas, algunos mencionan que no son la mejor opción si se busca un alto contenido de proteínas. (Información limitada: pocas reviews disponibles)",15
B008JKU2CO,"Las barras KIND son una opción popular entre quienes buscan un snack saludable y sabroso. Muchos destacan su mezcla equilibrada de sabores, como la combinación de frutos secos y un toque de dulzura, aunque algunos mencionan que no siempre se percibe el sabor a mantequilla de maní en las variedades que la incluyen. Son valoradas por ser gluten free y nutritivas, lo que las convierte en una buena opción para quienes buscan un snack práctico y satisfactorio. Sin embargo, hay opiniones encontradas sobre la textura, ya que algunos las encuentran duras. (Información limitada: pocas reviews disponibles)",15
B003TNANSO,"Las barras KIND son una opción popular entre quienes buscan un snack saludable y sabroso. Muchos destacan su mezcla equilibrada de sabores, como la combinación de frutos secos y frutas, que resulta en un bocado delicioso y satisfactorio. Sin embargo, hay opiniones encontradas sobre la presencia de ciertos ingredientes, como el maní, que algunos consideran engañoso en su denominación. Además, aunque son valoradas por ser gluten free y nutritivas, algunos usuarios mencionan que no son particularmente altas en proteínas. (Información limitada: pocas reviews disponibles)",15
B0051COPH6,"Baby Gourmet's Juicy Pear and Garden Greens es un puré de alimentos para bebés que combina peras orgánicas con brócoli y espinacas. Este producto se presenta en prácticos envases tipo pouch, que son fáciles de llevar y pueden servirse fríos o a temperatura ambiente, aunque no son aptos para microondas. La mezcla tiene un sabor semi-dulce, gracias a las peras, lo que puede ayudar a los bebés a aceptar las verduras, aunque no todos los pequeños lo disfrutan por igual. Es importante tener en cuenta que el tapón del envase puede representar un riesgo de asfixia para los niños pequeños. 

Además, este puré es orgánico, libre de gluten, nueces y aditivos, lo que lo convierte en una opción saludable tanto para bebés como para personas mayores con dificultades para comer sólidos. Sin embargo, se menciona que tiene una vida útil corta debido a la falta de conservantes, por lo que se recomienda",15
B003QNJYXM,"5-Hour Energy es un suplemento energético en forma de bebida que promete un impulso de energía rápido y duradero. Muchos usuarios destacan su efectividad para combatir la fatiga, especialmente en momentos de alta demanda como estudios o trabajo. Sin embargo, hay opiniones mixtas sobre su sabor y el costo, ya que algunos consideran que es un poco caro en comparación con otras opciones. Además, se menciona que puede tener efectos diferentes en cada persona, con algunos experimentando un aumento notable en la concentración y otros no sintiendo el mismo impacto. (Información limitada: pocas reviews disponibles)",15
B007I7YZJK,"Lipton To Go Stix ofrece una variedad de mezclas de té instantáneo, como Strawberry Acai y Mango Pineapple, que son fáciles de preparar y transportar. Aunque muchos destacan su sabor afrutado y refrescante, hay opiniones encontradas sobre la dulzura, ya que algunos consideran que es excesiva, especialmente por la presencia de sucralosa como edulcorante. La mezcla se disuelve fácilmente en agua, aunque algunos usuarios notan un ligero regusto artificial. En general, es una opción conveniente para quienes buscan una alternativa baja en calorías a las bebidas azucaradas. (Información limitada: pocas reviews disponibles)",15
B007I7Z3Z0,"Lipton To Go Stix ofrece una variedad de mezclas de té instantáneo, como Strawberry Acai y Mango Pineapple, que son fáciles de preparar y transportar. Aunque muchos destacan su sabor afrutado y refrescante, hay opiniones encontradas sobre la dulzura, ya que algunos consideran que es excesiva y proviene de sucralosa, un edulcorante artificial. La mezcla se disuelve fácilmente en agua, aunque algunos usuarios notan un ligero regusto artificial. En general, es una opción conveniente para quienes buscan una alternativa baja en calorías a las bebidas azucaradas. (Información limitada: pocas reviews disponibles)",15
B001EO5U3I,"McCann's Steel Cut Oatmeal es un producto altamente valorado por su textura y sabor. A diferencia de la avena instantánea o la avena enrollada, esta variedad ofrece una consistencia más masticable y un sabor más robusto, lo que la convierte en una opción nutritiva y satisfactoria para el desayuno. Se recomienda cocinarla durante aproximadamente 25 a 30 minutos, y muchos usuarios sugieren preparar grandes cantidades para refrigerar y recalentar durante la semana. Además, es versátil y se puede disfrutar con una variedad de frutas y endulzantes. 

(Información limitada: pocas reviews disponibles)",15
B008J1HO4C,"McCann's Steel Cut Oatmeal es un producto que ha sorprendido a muchos, incluso a aquellos que no eran fanáticos del avena. Su textura es más gruesa y masticable en comparación con la avena instantánea o los copos, lo que la hace más satisfactoria. Se destaca por su sabor natural y nutritivo, y se puede personalizar fácilmente con frutas, nueces o especias. Aunque requiere un tiempo de cocción de aproximadamente 25 a 30 minutos, muchos usuarios aprecian que se puede preparar en grandes cantidades y almacenar en el refrigerador para disfrutar durante varios días. 

Algunos comentarios mencionan que el envase puede ser afilado al abrirlo, lo que es un punto a tener en cuenta. (Información limitada: pocas reviews disponibles)",15
B001LG945O,"The Switch Orange Tangerine es una bebida carbonatada que combina jugos de naranja, mandarina, manzana, uva y acerola, ofreciendo un sabor refrescante y afrutado. Aunque algunos la consideran un poco dulce, muchos aprecian que no contiene azúcares añadidos ni conservantes, lo que la convierte en una alternativa más natural a los refrescos tradicionales. Cada lata de 8.3 onzas contiene 140 calorías y 34 gramos de azúcar, lo que ha generado opiniones mixtas sobre su valor calórico en comparación con otras bebidas. La mayoría de los consumidores la disfrutan como una opción ocasional, aunque algunos consideran que el tamaño de la lata es pequeño para el precio. 

(Información limitada: pocas reviews disponibles)",15
B001LG940E,"The Switch Black Cherry es una bebida carbonatada elaborada a partir de concentrados de jugo, sin azúcares añadidos. Su sabor ha sido descrito como refrescante y agradable, aunque algunos consideran que el sabor a cereza no es lo suficientemente fuerte y que puede tener un ligero regusto. La bebida se presenta en un envase de 8 oz, lo que ha generado opiniones mixtas sobre su tamaño, ya que algunos la consideran pequeña y otros la ven adecuada como un snack. Aunque es una alternativa más saludable a los refrescos tradicionales, se debe tener en cuenta su contenido calórico, que es más alto que el de algunas sodas. 

(Información limitada: pocas reviews disponibles)",15
B001LGGH40,"El Switch Kiwi Berry es una bebida que combina jugo de frutas con carbonatación, ofreciendo una alternativa a los refrescos tradicionales. Su sabor es descrito como intenso y afrutado, aunque algunos consideran que puede resultar demasiado dulce o empalagoso. La bebida contiene vitamina C y no incluye jarabe de maíz de alta fructosa, lo que la hace atractiva para quienes buscan opciones más saludables. Sin embargo, su precio es considerado un poco elevado y la cantidad de calorías puede ser un factor a tener en cuenta. 

(Información limitada: pocas reviews disponibles)",15
B003Z6W32E,"Starbucks VIA es una opción de café instantáneo que ha recibido elogios por su sabor y conveniencia. Muchos destacan su facilidad de uso, ya que solo se necesita agua caliente para disfrutar de una buena taza de café, lo que lo hace ideal para llevar en viajes o tener en la oficina. Sin embargo, algunos usuarios mencionan que puede dejar un regusto desagradable y que no reemplaza completamente la experiencia del café recién hecho. A pesar de esto, muchos consideran que es una alternativa aceptable y práctica, especialmente en situaciones donde la calidad del café disponible es baja. 

(Información limitada: pocas reviews disponibles)",15
B00438XVGU,"Starbucks VIA es una opción de café instantáneo que ha recibido elogios por su sabor y conveniencia. Muchos destacan su facilidad de uso, ya que solo se necesita agua caliente para preparar una taza. Aunque algunos mencionan que puede dejar un regusto desagradable y no sustituye completamente al café recién hecho, es valorado como una alternativa aceptable, especialmente en situaciones donde la comodidad es prioritaria. Además, su portabilidad lo hace ideal para llevar en viajes o al trabajo. (Información limitada: pocas reviews disponibles)",15
B003Z6ZGZK,"Starbucks VIA es una opción de café instantáneo que ha recibido elogios por su sabor y conveniencia. Muchos destacan su facilidad de uso, ya que solo se necesita agua caliente para disfrutar de una buena taza de café, lo que lo hace ideal para llevar en viajes o tener en la oficina. Sin embargo, algunos comentarios mencionan que, aunque tiene un sabor aceptable, puede dejar un regusto desagradable y no sustituye completamente al café recién preparado. En general, es valorado como una alternativa práctica y sabrosa para quienes buscan una solución rápida al café. 

(Información limitada: pocas reviews disponibles)",15
B00451WLYI,"Starbucks VIA es una opción de café instantáneo que ha recibido elogios por su sabor y conveniencia. Muchos destacan su facilidad de uso, ya que solo se necesita agua caliente para disfrutar de una buena taza de café, lo que lo hace ideal para llevar en viajes o tener en la oficina. Sin embargo, algunos usuarios mencionan que puede dejar un regusto desagradable y que no reemplaza completamente la experiencia del café recién hecho. A pesar de esto, muchos consideran que es una alternativa aceptable y práctica, especialmente en situaciones donde la calidad del café disponible es baja. 

(Información limitada: pocas reviews disponibles)",15
B006H34CUS,"La barra de Banana Nut Bread de Quaker ofrece un sabor que recuerda al pan de plátano casero, siendo una opción conveniente para disfrutar en cualquier momento. Muchos destacan su textura suave y su delicioso sabor, especialmente cuando se calienta en el microondas, aunque algunos mencionan que la consistencia puede ser diferente a la del pan casero. Es considerada una opción saludable y práctica para llevar, ideal como snack o desayuno rápido. (Información limitada: pocas reviews disponibles)",15
B0034EDLS2,"Las barras KIND son una opción popular para quienes buscan un snack saludable y satisfactorio. Están elaboradas con ingredientes como almendras y coco, ofreciendo un sabor equilibrado que no es excesivamente dulce. Muchos las consideran ideales como reemplazo de comidas o para llevar como un tentempié en cualquier momento del día. Además, son gluten free, lo que las hace aptas para personas con restricciones dietéticas. (Información limitada: pocas reviews disponibles)",15
B0034EFIYC,"Las barras KIND son una opción popular para quienes buscan un snack saludable y satisfactorio. Están elaboradas con ingredientes como almendras y coco, ofreciendo un sabor equilibrado que no es excesivamente dulce. Muchos las consideran ideales como reemplazo de comidas o para llevar como un tentempié en cualquier momento del día. Además, son gluten free, lo que las hace aptas para personas con restricciones dietéticas. (Información limitada: pocas reviews disponibles)",15
B0034EDMLI,"Las barras KIND son una opción popular para quienes buscan un snack saludable y satisfactorio. Están elaboradas con ingredientes como almendras y coco, ofreciendo un sabor equilibrado que no es excesivamente dulce. Muchos las consideran ideales como reemplazo de comidas o para llevar como un tentempié en cualquier momento del día. Además, son gluten free, lo que las hace aptas para personas con restricciones dietéticas. (Información limitada: pocas reviews disponibles)",15
B0034EDM2W,"Las barras KIND son una opción popular para quienes buscan un snack saludable y satisfactorio. Están disponibles en varios sabores, como almendra y coco, y son apreciadas por su sabor equilibrado, que no es excesivamente dulce. Muchos las utilizan como reemplazo de comidas o para mantener la energía durante el día, destacando su textura masticable y la combinación de ingredientes naturales. Además, son gluten free, lo que las hace adecuadas para personas con restricciones dietéticas. (Información limitada: pocas reviews disponibles)",15
B0034EDMCW,"Las barras KIND son una opción popular para quienes buscan un snack saludable y satisfactorio. Están elaboradas con ingredientes como almendras y coco, ofreciendo un sabor equilibrado que no es excesivamente dulce. Muchos las consideran ideales como reemplazo de comidas o para llevar como un tentempié en cualquier momento del día. Además, son gluten free, lo que las hace aptas para personas con restricciones dietéticas. (Información limitada: pocas reviews disponibles)",15
B004ZIER34,"El café Puroast Low-Acid French Roast es una opción para quienes buscan una alternativa con menos acidez. Muchos destacan su sabor suave y la ausencia de un regusto desagradable, lo que lo hace agradable para quienes sufren de reflujo o acidez estomacal. Sin embargo, hay opiniones divididas sobre su sabor; algunos lo consideran un buen café, mientras que otros lo encuentran insípido o con un sabor extraño. En general, parece ser una opción aceptable para quienes necesitan un café bajo en acidez, aunque la calidad del sabor puede variar según las preferencias personales. 

(Información limitada: pocas reviews disponibles)",15
B000EVOSE4,"Los Gummy Bears de Haribo son reconocidos por su sabor y frescura, siendo considerados un estándar de calidad en el mundo de los dulces. Se ofrecen en bolsas de 5 libras, lo que permite comprar en grandes cantidades y ahorrar dinero a largo plazo. Sin embargo, hay opiniones mixtas sobre la frescura, ya que algunos clientes han recibido productos que no estaban tan suaves como esperaban. A pesar de esto, muchos disfrutan de su sabor y los recomiendan como un excelente snack. 

(Información limitada: pocas reviews disponibles)",15
B001LGGH54,"El Switch Watermelon/Strawberry es una bebida carbonatada que combina jugo de frutas con agua con gas, ofreciendo un sabor fresco y afrutado. Cada lata de 8.3 onzas contiene 140 calorías y 35 gramos de azúcar, lo que ha generado opiniones mixtas sobre su dulzura y valor calórico. Algunos la consideran una buena alternativa a los refrescos tradicionales, mientras que otros la encuentran demasiado dulce o con un regusto metálico. Su tamaño compacto la hace conveniente para llevar, aunque su precio ha sido señalado como elevado por algunos consumidores. 

(Información limitada: pocas reviews disponibles)",15
B004CLCEDE,"Los Miracle Noodles son una opción de pasta baja en calorías, ideales para quienes buscan reducir su ingesta de carbohidratos. Aunque algunos usuarios mencionan un olor ligeramente a pescado al abrir el paquete, este se elimina al enjuagarlos y cocinarlos. La textura de los fideos es diferente a la de la pasta tradicional, siendo más similar a los fideos de celofán, lo que puede no ser del agrado de todos. Se destacan por su capacidad de absorber sabores, lo que los hace versátiles para una variedad de platos, especialmente en preparaciones asiáticas. 

(Información limitada: pocas reviews disponibles)",15
B0076MLL12,"Grove Square Hot Cocoa Cups ofrecen una opción de chocolate caliente en formato K-Cup, ideal para preparar en máquinas Keurig. Muchos destacan su sabor suave y cremoso, siendo una opción popular para disfrutar en las mañanas frías o por la noche. Sin embargo, hay opiniones encontradas sobre la intensidad del sabor, ya que algunos consideran que es un poco débil o demasiado dulce. A pesar de esto, muchos usuarios aprecian la conveniencia de su preparación y la posibilidad de recibir el producto mediante entrega automática. 

(Información limitada: pocas reviews disponibles)",15
B005K4Q1VI,"Grove Square Hot Cocoa Cups en sabor chocolate con leche son una opción de bebida caliente en formato K-Cup, ideal para preparar en máquinas Keurig. Muchos destacan su sabor suave y cremoso, siendo una buena alternativa para disfrutar en las mañanas frías o por la noche. Sin embargo, hay opiniones que mencionan que el sabor puede ser un poco débil y que algunos lo encuentran demasiado dulce. A pesar de esto, es popular entre los niños y se valora su facilidad de uso. (Información limitada: pocas reviews disponibles)",15
B005K4Q1T0,"Grove Square Hot Cocoa Cups en sabor chocolate con leche son una opción de bebida caliente en formato K-Cup, ideal para preparar en máquinas Keurig. Muchos destacan su sabor suave y cremoso, siendo una buena alternativa para disfrutar en las mañanas frías o por la noche. Sin embargo, hay opiniones encontradas sobre la intensidad del sabor, ya que algunos lo consideran un poco débil o demasiado dulce. A pesar de esto, es popular entre familias y se menciona la conveniencia de su entrega automática. 

(Información limitada: pocas reviews disponibles)",15
B005K4Q4KG,"Grove Square Hot Cocoa Cups en sabor chocolate con leche son una opción conveniente para quienes utilizan máquinas Keurig, presentándose en un paquete de 24 unidades. Muchos destacan su sabor suave y cremoso, ideal para disfrutar en las mañanas frías o como bebida nocturna. Sin embargo, hay opiniones encontradas sobre la intensidad del sabor, ya que algunos lo consideran un poco débil o demasiado dulce. A pesar de esto, es popular entre los niños y se menciona la facilidad de preparación. (Información limitada: pocas reviews disponibles)",15
B005K4Q68Q,"Grove Square Hot Cocoa Cups en sabor chocolate con leche son una opción de bebida caliente en formato K-Cup, ideal para preparar en máquinas Keurig. Muchos destacan su sabor suave y cremoso, siendo una buena alternativa para disfrutar en las mañanas frías o por la noche. Sin embargo, hay opiniones encontradas sobre la intensidad del sabor, ya que algunos lo consideran un poco débil o demasiado dulce. A pesar de esto, es popular entre familias y se menciona la conveniencia de su entrega automática. 

(Información limitada: pocas reviews disponibles)",15
B000H7LVKY,"Las cerezas secas Traverse Bay son un producto muy apreciado por su sabor dulce y ligeramente ácido, ideal para disfrutar como snack o añadir a ensaladas, avena y mezclas de frutas. Muchos destacan su calidad y frescura, mencionando que son una excelente opción para regalar. Aunque algunos consideran que su precio es elevado, la mayoría coincide en que su sabor y versatilidad justifican la inversión. (Información limitada: pocas reviews disponibles)",15
B000UUWECC,"O.N.E. Coconut Water es una alternativa natural y saludable a las bebidas deportivas, destacándose por su bajo contenido calórico y su capacidad para hidratar eficazmente. Muchos usuarios aprecian su sabor suave y refrescante, que se asemeja al agua de coco fresca, aunque algunos mencionan que no es exactamente igual. Es valorado por su contenido de electrolitos y minerales, lo que lo convierte en una opción popular para quienes buscan una bebida sin azúcares añadidos. Sin embargo, hay opiniones mixtas sobre su sabor en comparación con otras marcas, como Vita Coco. (Información limitada: pocas reviews disponibles)",15
B008ZRKZSM,"PB2 es un sustituto de mantequilla de maní en polvo que ofrece una opción baja en calorías y grasa, ideal para quienes buscan disfrutar del sabor del maní sin las calorías adicionales. Muchos lo utilizan en batidos, yogures y como complemento en tostadas o sándwiches, destacando su versatilidad y sabor agradable. Sin embargo, algunos usuarios mencionan que su sabor puede ser un poco más suave en comparación con la mantequilla de maní tradicional. (Información limitada: pocas reviews disponibles)",15
B002GJ9JWS,"PB2 es un sustituto de mantequilla de maní en polvo que ofrece una opción baja en calorías y grasa, ideal para quienes buscan disfrutar del sabor del maní sin las calorías adicionales. Muchos lo utilizan en batidos, yogures y como complemento en tostadas o sándwiches, destacando su versatilidad y sabor agradable. Sin embargo, algunos usuarios mencionan que su sabor puede ser un poco más suave en comparación con la mantequilla de maní tradicional. (Información limitada: pocas reviews disponibles)",15
B002GJ9JY6,"PB2 es un sustituto de mantequilla de maní en polvo que ofrece una opción baja en calorías y grasa, ideal para quienes buscan disfrutar del sabor del maní sin las calorías adicionales. Muchos lo utilizan en batidos, yogures y como complemento en tostadas o sándwiches, destacando su versatilidad y sabor agradable. Sin embargo, algunos usuarios mencionan que su sabor puede ser un poco más suave en comparación con la mantequilla de maní tradicional. (Información limitada: pocas reviews disponibles)",15
